address,staked_bmx,voter_points
0xEfeF31E95cF75a6d5619310D50c15483CaF593DE,190294.145639811325865116,430989.941929258672636322
0x3F463Ff978e54aBa4c651facd268A4234145e234,132069.561936358986868116,271449.995701457355231764
0x78d4Be02c2259b6f4FB8fD6bFA919d3675fA78f8,121078.089839834664196896,287119.738604672865094359
0x5DdE89Ae15D6186cC8C65298E6975C28Ddd7375e,106427.644393647199415799,214533.75091314557335767
0x28aa4F9ffe21365473B64C161b566C3CdeAD0108,100000,5589.460933536276002021
0x1184cc0F7f327FB1328351659F213880aF55113e,96889.672581962157051455,85251.781597425860928276
0x58761D6C6bF6c4bab96CaE125a2e5c8B1859b48a,92750.991844564471879286,191754.487575430067315459
0x9D13B1faFaA5f3EcA37F724d61697cD420DCB9D7,65503.006406925325754051,134056.536682201971151718
0xAB2DCF4a68Fc91D099FEE8818141fc748dA5381D,60915.573536279859730675,112276.015210381278008966
0x2968eE07E4A7B58AcBd57980aF85C211BF026422,42000,58346.486998985286656353
0x985F6727c6F67e500a17244be81580508e6729C8,40100.795247101039551961,16005.958895982387348396
0x48E53189a4AfF640ce484D89b270c4AedfE4E7Cc,40000,58813.265376105727881913
0xb1a044BB54EcB8fc4d83138795C6eE396dC3133c,35271.41402325560918931,62812.843104276455931481
0x2452E136265E4B2cE559534e9eb18e9907F45973,31000.047303389638050294,26540.197682529811307113
0x4A64DfB5a749ccC87F61Eb7DBcBA9D9dFDC42545,30872.086082995771148324,42591.034584416256758862
0x19145B49fd5e4c345822a4a83Fe5543C5BBB785c,30029.768307811355496944,49072.926873404995898006
0x87155E40F969FDAe7b73015dc2c1ce53003Ff70F,29703.851267527395304049,52332.291504754649697287
0xd12A53Cd2ab3Fd54618670c5d25c1a04e17F7975,28764.252212920089014924,38768.432863850213855409
0xf99C8873B972b4192e789F55AB954188D0d9A133,27170.725988072268361865,37278.824350538575909006
0xf7Ea84120a82c92CcD7fea97a93BA6313f183DfC,25629.837086118162819754,39486.230079703472819072
0x6BD3e26DA7FD8D8d1E9DdbE80c477673c9f8195e,24142.512435581346939348,33994.348418127058268646
0x813Ab764FD2A34EaFf4713a89b6087FF5d6cCC08,20781.53866192021191567,12678.355716441178082601
0x9aCf8D0315094d33Aa6875B673EB126483C3A2c0,19555.026985396440176888,4797.932710825961626969
0x74Aa4646850fa30eb4431B2617775E91d01b3a29,18913.75547349159359291,28113.572626745375583542
0x5fF2f9f7c3006aD27B7BAEbd971c00827Eb11C2E,16414.183490843591822545,22813.033466915495508113
0x4260614dc21676B1AA75Dbe4a50A3b416C4c0CD6,16325.265242185463579594,21581.91018506756857021
0x7378bc4c56DFa1CbD4Cca1814Cb948D26Fd86a3D,15353.54722023409338817,5846.681998904499961175
0x0eDA9a45Ba80326aD0cDFB21e2125fceA71289ed,15000.847370655986637346,17855.799049575601564217
0xa6a21c25CE569E7157FdF799067E74aF134160DB,15000,19433.261035007610350025
0x8eaE6474F8FeE5D15d2477fB05B59cdf0859878e,12292.409384711860356351,8693.29498357823004016
0x52aa92a08B209533A11A1B5Ce0aF39DCdf5199c8,12273.723833222507243721,18025.346597364928909031
0x754CF7728daF4dB12E876f2CD6e62C37a1f2A184,11700.001155769656482572,22180.108548534126849005
0x201B70CDB25AE89600C7B1E8fa121f537f9dc11B,11294,1241.945457889396245558
0x840859AA5229b6B07436e94ed59f28C43a169dB0,11000.001672447929403893,4575.828264995847611559
0xdD8a209d92d03Aa4743b0187318f8589e3a317bC,10141.430736662869839288,5098.629013477638482922
0x7aeAf02BcBd687Cc61358E5b63faCB31B6B6a12C,10000.02303260752073765,10985.381536473819093743
0x702D6DeF95d59E31ebA8420372821c2E49F2D607,10000,15104.422372663683160259
0xf00357452a6f048b906cCa9B7DD14f86A02555dD,9634.930714613874403381,18143.028689764096810699
0xc3dF626D62429E31cdea23602ADD0E47C1a85a5D,9598.646235146779347827,2353.353983261522562429
0x25Bdf12fE44cEfD3711d5691AA5Da348d8e974E5,9000.008449247291536395,20964.957252982123522595
0xe17A3d8399ebc55CC9C6b5719687B70D5fbf44a4,8653.329691641643298731,2111.398574803252199392
0x9493fe47c427537788ab7479C59732E310F71739,8233.237141541033803615,14264.545120689678767612
0xA9D74e2781829ed54ebbC3c2B4458C3F956E1144,8102,828.490645230847285641
0xc86fC1953aC75C3f12eabcec108d6C616774E3A9,8037.485957330151520222,7972.483178203978218895
0x592EcB501A0fF5b6B89E4cD058a52064e1C46Ee7,7965.290957819472726656,1253.935807487992596728
0xe5Fae1A033AD8cb1355E8F19811380AfD15B8bBa,7021.566945593731585505,10018.264676845039560134
0x652AB9e3577eD85d7fC9A41fAFf68E9DA4Db00Ff,7000,3118.227295788939624553
0x089BDEcb5D1293624EF10d9051E082e2f31A7B2f,6946.720037265345654721,3661.295689737903392111
0x771eB322E757Bbd8b5f480983975629DcfDc0720,6807.95553920057221123,8690.987198868988734872
0x15908755294b0D0f2B3dCDb8EC49DaDa77bF4410,6188.592042554652329046,2152.428070787985338416
0xE7a56d36a3aFdE368AF5e34F49d0768A33E7891E,6178.521331644993836939,9443.370518988442317289
0x47adE238Cc739dbCE060C572E7393467ED6F0c50,5398.37664113842252608,4770.957233726899742341
0xEEC9A853aB6270Ec0DbC333C1eb4B59A4B9e4d82,5218.723992421541234902,5908.893745346516399687
0xFeFf9104a450681fd95153bA9823964E09e67A9E,4901.73491494500573664,8066.144889934000206745
0x78ce9fe8D59E2e39fC100A02D30109B16d2D7fD9,4898.480306472997733158,6009.470404581609734371
0x3Fd869FBA9566368085672e007aE32e5fcd193f3,4870.605057451334256027,589.44324863327499578
0x6B086B4D8ce20Cd43EF77462eBb243909E17f5E0,4608.486869399546572664,2984.31128282293329607
0x54BA3FF9dDbD2dEE95CDA54e863b07B0cdAD2eE4,4333,194.222874112125824453
0x87eAF3d9E59b50a237Ae7C8F58C21fE68d4065A4,4307.829965691854329494,9896.244622121664695291
0x7F63921D9faC69a6824dd3Ef5fB8E1A89fcc984D,3847.997729085459224114,4711.823635966807133224
0x6763424F113835bA1Cd0fD6E4D96c43A8252A038,3621.165061318571161902,3940.250282418803803059
0x9ED6b9a2F6a5dE9fedCCd51C1EE99a9346261FFB,3606.611626384724811355,4757.965010322953770101
0xA3e17CA80549C16CC850D37acee1a02C45736f68,3589.354803692373299315,3186.443035024043462679
0x30d670C6d652e4b46c63D7eE67cB6a20ffe6c64B,3581.969585557163547316,1328.020639302379438665
0x95600c8D13b6e3030246BB2D625798cDCDdf06BF,2933.074588484765135335,5121.98525842573919995
0x433C591ac8e2FcF5C56E2799585A44a9834df424,2907.086958015260488845,2127.326527533449365308
0xE93D56052a55B1184b788703477F5db009dA19D9,2869.195726496859303619,1312.343080507224317549
0xb57E6d15DF08082900fd92fa080f85aeF01A5f46,2799.737555234184024445,3820.262852200699704383
0x7E6949e70627f746F87577BBbb3BB03f89C23B4f,2608.90521662435014804,2470.705797149636656112
0xDE6759FaebAba270a8cb80633ccd5CE3143FFF28,2415.586863780830805731,2513.743365840045695346
0xd2d8ca9F5dd6e9e00EA3B930e74253E834643ca5,2154,191.70230181380010147
0xBA4b57F6e15778C6613c51A043856827F4F4edd2,2071.9255103356549497,2335.620091510450032414
0xbdBf2706d4C4631A2fA3De0FF670a7343c5b7C9D,2008.887428954818457158,872.876767322728438769
0xBb872E1d2AEA32E1344ac2A6044B604FDC9761d7,2003.495434281803086624,4102.475989874470233255
0xB55619926a7141a81f77B7608262376e97380300,2001,250.632743277524099403
0x70e9364882a1a48DC1607A79b9C9163b7B834986,2000.00153552314230054,3615.337631118517372827
0x758a15D4c972d54314eCE9D6701D086fE2C5e757,1961.441858184738221366,2074.988974636340144045
0x1F838e76995Fc9C5Af975214E1b6620f7C0fFa2a,1896.356780809648862755,3050.781005439496889183
0xB6367aA99E3be104252D60089C4Ce8623eB9480C,1894,239.814342212075088782
0x8c21260567dDF375e4d58eadd020aDcC38193Bad,1818.603552247256198193,2819.254385401668222971
0xe45F57a52461AC8c406452AF8bdbb5b3A1e54F57,1813.385394012546150987,1440.712691414969352964
0xBe9Be06be7dC3E8d5F77E8819C52167faE10F472,1793,95.304711757990867578
0x2D20bBAC02f7d4404Edf65cd0e5f4Fc50EBa7EBE,1660.469731213175131031,2258.933329495412273186
0xcC2b8E2EbEc2b18431ab49329eFe5519D85D4B1F,1650.206974971474477367,3166.753359641208489394
0x7110D94153cCBf0a6F9D11527648549516b4C809,1637.655453424942175041,2363.590581131106676052
0x164F0fcf621037476b7F4Dbbf71d122ee2295295,1600.201665426118149568,2089.013804101661312923
0x6F7245140efD1a4a5b24fc981178Ef62279E1c1b,1570.324958965834795466,2283.406853837490525472
0x7238c7a870ccFC79A15D5Bb647940BBff7199F00,1545.552803166616316268,1791.167686949703972589
0x030f8e7B0D737a97a36F8ef3eC422037034B6022,1523.483262311477003598,1974.951777333176413074
0xA740b35fAbe958CC5Ad312D67da48e07DeBF1765,1500,1149.816114916286149161
0x950B1137aC8f0c17f74FA86Fe3F2BEB9012CEB7B,1450.944071726628123973,2231.870074106232414155
0x31e55af6c55476b3Ca0A6E7689d2ee91F55840c4,1438.253720637230044059,1957.31827300353024152
0xE15bdd436a98d912702A847d4BADbf090b2d7197,1330.869307222188496854,2055.940636633078626512
0x752Ab1AD6deE0A06d5FebB39d8482341C355eC5E,1320.072806279339234022,1818.038834787724012695
0x64bc4Ab80DC60d1256a8D74Bc02f0504961D5201,1307.744949214601601038,965.454040919524990821
0xC0509C8c4BE003e68fDCF20Cdd6ace347253C061,1191.028382380207995547,1391.208029021670427584
0x2fED60284f1D800cb31b8F97704a50d9929E3Aec,1067.041365681034801749,1553.268384783448932271
0x14ab2E5a058Fc9F8792cc46Ff1AA19884a050f2b,1043.223358273915606169,707.133806746405386916
0x8829532Eb731CaB1e8C93281012a45Dea139Bec1,1032.203090541953273732,1264.965946927801965705
0x8BA0D7704dF6a610F4ce9937d31E0Bbc19717311,1017,36.474285007610350075
0xB5c8ebf701676594abd93DA9A16bd5f4759C9982,1013.006342898043904341,1159.132269260736362041
0x3e6EdBa22D9cE22a7168406d26598AE20FE08e41,1001.140247398684742953,1331.277112664753538913
0x015a0138Ecc957859853908Ad455647BD33e635B,970.090315749707286619,1080.568292644451423257
0xa1C9d41719c4fFD99463F1CfA579d9b6A96b50c6,947.394667346523494638,952.680741985752365085
0x258B4D279D2f5bAD1Fe519220ef292Fa7A0cFF36,914.253152014819561838,1406.621322743606272823
0x24B94c794a47A5DDddACD8d4408D4D22361f62a8,902.643772871887262832,1310.533671109841323084
0x52e3afAF9F2bd1D44B555B93C967858d67667286,892.501251452675532394,1430.916726599038248143
0x3777d0E6aeBd61370e7f2be677a12299a5ca4623,878.856055838441620814,655.003969939696961611
0x66829cC57540959A3A698C0694Cde4B96C19E99E,843.138232990039274499,560.137680853181510546
0x8A7158f1208e9B1bBDA2a0094cE442F52C51F3aC,808.585016066288891463,1241.556754667376584474
0xfDAc6FFD9Abff18D859b16fCa7198BcD7AfD2b2B,804.799828087282152318,1527.287031707445243162
0xb1876a605aECc1FD88707817BdA5235ee23e62BF,717.64686300371748122,1541.367284672365712422
0x338E88FFc51751B9cb7EaB5249b809e474fd4684,677.827102645010792831,725.212918165814247959
0xEADa6Fe6541E5C8DE50AF94A97Ac29F85A3459Ea,666.664373909526526256,964.075705203035637594
0x69e4ca33EA6AbA47B7c17630a32A91d3522682B7,645.134218975984213718,1475.455958451549326681
0x4643731FA0406F21A6cC479E442BB4e59b742C69,611.473699256638305797,306.871997668767958928
0x59BE25791eb311433416a4Ec7CeC861651dbB766,608.481694455053076772,843.306465293068877842
0x0C0586a35FA30FF528b2d7Ce5969B845eB8c3A8c,590.530098946431425661,935.368754574469311646
0x724D37177b079e597951f6933a506b5C81Ce505b,551.012971617885518899,168.274063517305169356
0x0cd362691bA2958EaE43De37E7643F1AE96b03Bd,507.004979373671030783,414.397310917392854882
0xF56E786B14B1A2bE17d87bFDD2f185546632fF9b,492.970059522786062935,265.681098796590307129
0x99c366F8F5a9AA58e17B0b91123b37d837776562,474.17129272518581683,670.490582726197435824
0x9e0149f7CC28c93A3B5F76AB3e8A2a22d14435b5,457.615088716487472612,487.694574272033424858
0x0CF57CC0104C3eBbb7Ea83BE0A0a86E803194542,441.622474043548651685,623.234857040217070534
0x13c28134b1e195382117cBBF524E624f48699906,438.325309516235610261,471.782084393725803609
0x1764C9d237107Ec02B2af67e11De92A7e0ddcD9C,437.877546586560680354,581.598993831302065671
0x71E92Fa82D796F6F13F5CB4E8F84Ddc0b0542A60,437.19974876642307223,573.64378510534742774
0x17fB4db24b8f1817bc33d6e167b105FD77599C28,380,611.287669964485032975
0xAFf055a856a614DA45aA40C24315a4B3924Fc4A7,367.767028611437541954,542.486058185344648859
0x32cf4d1df6fb7bB173183CF8b51EF9499c803634,358.839505623609571267,381.979594988735816776
0x2D82e73751FDE6fc396363907Bf0FB6071176e04,350,369.73284817351598173
0x06D868f6f3333aD1c2B4aee049672b36713fA1c0,343.870339155230446582,750.398464339811347278
0x887e8b6119B38C60cb03CAb204C0A704c6E0A473,308.221652568679985228,245.345195236416241037
0xf6b4Eea6dA5D228B5c7068F34962900732141fCB,284.486516009760461401,194.324930501530624332
0x6aFdE17BE7cbF7180Eef615d713C9DFB1F1cbD46,283.625783442120200035,209.697449477945033739
0xaD0994347F09784e83825Dcc73Be13Bb97a944DB,280.692180156296552915,217.674613942690785752
0x905B3a232FF03E8F69Aa4F8478ce1812eceD9FEC,279.100218257467580065,391.89009496334362161
0x128367eC3a60FEc2DBf605E945ABe5cE4791eba3,274.817595492935271689,392.674937402871681902
0xAdffC760EDF4f6146dce89022B5AE7EbB7edD2B9,273.792334700885413861,565.76194232827307782
0xB2EeF2dd33A58c0DD3F2Ad9390a13533bFD23Cd4,263.439336144385970338,242.060116978505174577
0xc304A76B744D4ECcAe0f1dF4C7E7443520e53373,256.77910212687166463,161.50112374619682165
0xE4990e105E0B49b7c1D4759468A6B522F825940C,252.450748254578770528,550.904977724769506706
0x73F129D2F868713fF5cB38E322b7F44155B6A68E,250,200.195887239979705731
0xF4F2648a273825f12774e5712Ba26348Bfa279b0,248.58664588862837308,358.665472899460345352
0xC279ccE107A9272FfEc07CB1b7471491c2FEe5A2,228.698836991310531344,288.073967419425591396
0xD26B60fb1Eae3758aD8b4A83A893d8EA3cA31a06,203.628191639107082156,140.871566234197531244
0x8E8A10fB84D59275e304b24B302D533C4Ed5D033,200,302.388013698630136985
0xa4722a7A8a79E0de7B568559261D789f0B80baDC,195.968601473633297966,422.260111469666719629
0x36B46Ed93873a9b600908293c5756946a148e179,184.060272329416090686,272.944152818623372657
0x13C31d43bb05EC526FC41440b17A06872882e172,180.894476229493875612,147.27767911755837213
0x76b49fA94426297A0287059FEd9Ec990B486678D,176.085254385634521207,266.500788956298985522
0x0cC5DF7eBf01715F27C947293e3548CaeEdfEf59,160.771761449748458566,233.613023503895536582
0xe6B37e0204c60C1f3f2612E3fe5374925B80E2b8,152.074328872488953989,219.111900797078672287
0xbA6Ea09Fe569cf1da4e2eC680af139ce9F4Aab0d,145.758650408028408114,319.227954093584036367
0x34fB5E72A593ec2a3a1fE04eb9A52a3Cc48ACc18,140,234.031723549155056001
0x3A90117fBADfC94A65FDBB45493C51AAF4cDEA27,135.682849783864839773,248.132833965805047174
0x0Dd61F32D8fe10B06e184db5bF631a22BCb06bB1,134.995081751588749619,105.679197756445089785
0xaE5C50251017Ad218700F875DcE2f20fF783Ce1f,125.898745793486298088,108.012045575617991988
0x413575Afba89bf142a56179e7D2C08606e375322,121.474440174299258364,88.871695770030181118
0x9E9ACB2a0a2a93246D866CC6FB98b63D0a730F8C,118.13302869189831923,93.099232924338468574
0xc7DBCC064D3284a9320F074617443508B60263CF,117.034178141672886121,187.084084406142222099
0x61D082120F622e22E491E6Eb42dCC7FB0E39288e,113.644361414603552648,92.359384343775922751
0x36Cd58CBc7e7918CDc93dA345504162130043ba9,106.232752825688773498,166.086359489226713506
0xC2D4d30A60206021D777579752F3C7873C7DBe75,101.79032568715683745,90.189300324531610526
0x987b332c1fBcd3DA62e89f5Cd5D143F3629d6da6,100.955456596873659199,158.071883316323689607
0xf829f3B414f75e5AB99295eA14bd2372044434F4,100.001581026834458547,191.516434778405411255
0x74e08BC79D981FDBAFD7677e6D67057B1DfD460D,100,1.552509259259259258
0x42DcE09903beEb4cAf167eFcE9C4694F07086973,96.994556706038579378,142.393244047087468039
0xCd2Fb8A5A9A89Bf9166E7d2ba5D5e887E7e8F0E2,92.557421503566333987,101.992208965357631281
0x916175B7F60B636Cf1C5F8eA0c30fB66eD8f61A6,78.005898331444976603,48.335497947578976506
0x62917A155a81992b4c408086D018dc52475CEA8d,73,3.27024074074074074
0xb3Afa5ae8820a347d58c25DB46140269aE42a72D,69.686286813477939767,54.56552047748653044
0xB0CC2225cFD8C84C624FCF23777486403A061d89,66.212211184040443257,101.951050009294776275
0x1DaE7527D362C997d4B6b810679Ab8eCDc4e784F,62.955295967548079462,84.61303171541600806
0xd0F06d7071fd3DF132497c038c33E20B9947e05c,62,12.549842275494672754
0x44215a602dcbF15550CaCC0eAbd17bD38fcf61ac,61.579069498053767455,90.446679963575407764
0x5FF09a7a0E5bCfeB08420F6A63bACE323AF93dc8,60.695196955099479396,76.868304364031277675
0x1bd0F0D80b7a7f53B56126183dd0960af8257dFB,57.844049385939059705,124.996995785813566797
0x48cBc5C5C42A82a27fEb0b41b14bcd9D2E13cfB5,56.390237472796666975,120.129619904623328233
0x227F0F87D2e3022aC11dFd81709AF6bB6FDc8Af5,56.244899459463577095,56.24169983523633591
0xF8F8183f36D99Afec8CB54B319Cd4aa331c373c8,56.192161459603098456,36.76366105232579309
0x65b7Aa1046dfB5a1e65aa4825A36A37f3DD582b0,53.357674283429773312,77.783049809789957037
0xBA68E6dc2C60670Fb0a8c320E67185116AEf2515,50.227344036644303887,116.701434119689672245
0xD79868ff4f4155fDbbd20ABF66CCE130356cdA17,48.913584541645035277,81.086899949456228406
0x7Fc528Dbe0ef5Ca720E4B3338034444c642896f7,44.944892413495177881,102.695929487888427667
0xCB6586874cc04B01Cc4fDB777dE502cEa7b3D6c1,43.565330271160872775,20.262952427167189206
0xB84bf98C503CfA025936714322C449Cd74864f2a,41.05593690332619797,69.536878804737308044
0x48d18A882b0Be145606A11fCe6F8A301256B93fa,40.683228833987170237,55.012435846548088244
0x94546A26842A971DAdCD00233665D4e2B46AEd2D,40.313632558945943117,37.30746919313212092
0x3EDB7d5b494cCB9bb84D11CA25F320Af2bb15f40,36.844363110074963466,25.897044226470233392
0x464bFb8838F89c08EfAd08Ac504efB3538Ec8813,36.237981277209664641,25.588441110473335372
0x8BDaDf862f6b1EFE7ADD0d77DBc3C7F42d3232Fc,33.241182374543505804,51.007569799323155573
0x30945Ae0BBeA61017Bdd134f25efFFB954298799,31.039628540616701285,47.771998183264555437
0x193641EA463C3B9244cF9F00b77EE5220d4154e9,31.012585555567942127,24.360926132942532919
0x567F65992ea5586f917197cB2680DCBC76b751De,30.111906318021354641,25.648289808148336031
0x3D6991085Ab1ae3926cB96f25684C40a364B6856,30.084047035817215096,12.35279539764938573
0xfDaA689cA3C98718419562Cc4929a0CEcD02afe8,29.345821137372012463,26.742759521647514282
0x5C574d0eaD39fdDd680067783FB5AA9A1a99e453,27.826439496062117865,29.573413297635923321
0xAd649f52a7d6f106f3a69a0Bc542E885e67FeE6b,27,18.530815068493150684
0xe66498c07A5247a2BEbEbC93880dffe89C19cB20,25.788988189502494838,34.664824298836506911
0x43076a62CB3BEb298a1998bb210585e4F141033d,24.059636659999023423,19.575781272356761231
0xa41449434688A52cB604BB30B3588838C71Ad795,22.88981754404103606,31.695544577665730115
0x610649AB2D224b5848aBE92A3750854f3cEDcd1c,21.935156283142869959,31.339216016155420952
0xfF628B747C4E70825AF24e3d59748bac477dcbF6,21.119198361271012933,19.756900238565581037
0xdB02db34221f6116A993B4a70cEFe28b9aFF379B,20.681901829962925666,29.753266236998275214
0xeC5c16f3EAF86a801a3E89201DD39bDDD1786cBF,19.56133602458730859,38.595973972170968937
0xbEE2D469AACB46251aE33Cca91F482e26c971dFF,15.972047838458411059,21.770045024591184304
0x046a020Ab8e7E0B33Fba87f38Bd3B91a5E0f43bC,15.712412023400541101,25.882608510447348836
0x008082A16BA9A35FB1Ec8ecC1c8735227B5F542e,15.037941361111346883,24.953660242092929216
0x212514E0c3CAffe485EAfbd625775AF5E792c16B,14.388946556364221254,0.67812141216275951
0x9073f3d488076F05039011a5952dd571D49E6FE5,13.704857425091271614,7.96879312708825417
0xFBb486C53F209b3F0991A6E77233D367630697f2,13.48588952888684471,22.368369640764760953
0x975583d343BB1e7e5c147E22EF216db3E4b875Fb,13.04,9.045495205479452054
0xEA9F83606EA6b80f15DdCfc8bAcD61DF1A12225A,11.532487737013014423,12.135409092190929409
0xd550Afa68B28b03B04C8C16844bAC1b1981Ed72f,10.369640995836286264,8.713641947661796636
0xB9937E25310B339B48274671C72b764Dc0aA09b2,10.152736455103617332,15.762453658179610717
0xc5115D9D85256cC93836189D21d23729014B9Afe,10,21.830115423642820902
0x9f07e479b4a1b4Ef6262DbE4f9B028E4Fd85916C,9.023718855691222544,11.783384168913292916
0x30880656b079f3f8bbA5293884E89c23E6B4AEf9,8.312442627123753471,14.252276479485140403
0x508646523D6a345B0814B91A85912F262dd0e3c5,7.443907252362,16.407348337383494941
0x8d32ea2E4772BB9c56ff70b683636F28a427e4cD,5.800535041127155596,4.528323717264476219
0x17e06f16ce70607f2fACa2DfC7EED07Ab5f0Ad26,4.685984248011449425,6.136261472670520522
0x33df6e2A56bc1a3d606E49A68458f8220d59F49b,4.65128575332685573,5.919544594913651981
0x30A45090EE16F4a5E5e0B7e6B8a54C3e9daa4052,4.551731399192759853,3.11459553180120979
0x9B089dE40C95f122cffa1dD23cabB57a3CdFB3cC,4.30364211099902954,6.242355914279884983
0x0F5654E1e648754a02bcB2048EBFca255a857307,4.09316121021778812,5.961138719543771567
0x77112F18A91e171904C8d71f8bE7fDfbf57F1af4,3.75085424841445967,3.014662990466145422
0x117c2D50b395E055a55544E50C5906B12AAc6197,3.707556844846633572,2.979885798746495248
0xf9e06A74f334B5c2571fe92Ff94281Ef5A065066,3.496650119831372377,4.84715716208021613
0x0e4cb981Aa087847eF0C9F0C0989d884a86D04c3,3,2.804739535768645357
0x723407Bb7a4F0d257422471FDa285F2565baDECE,3,1.95552359208523592
0x2e1f83c3363EA32170ce761908180266dca58F9C,2.951952598687478819,2.817666837188053626
0xDD0948551f44E01715fc45ABb337379a72E02538,2.226905763544123537,2.340265244637995687
0xc780e9bBb8445f5E1C1cB33AeBA910AD5095c434,2.08121538719253402,1.693342596345181759
0x1a14E02A279fb7a9E5b010cf2dA750fa92EDD906,2,0.355464485032978183
0xe4b9c8b98447248A886Eb5EE525Fe63ea7A1C92f,1.429686677589945965,0.927350287341055376
0x8A8bF818b9c3d5E77D650b51D1Ac6327935a9238,1.388915230283377437,0.971333655863113829
0xE450d7eF76E8781A3BCe0Dd0D848Baa3A035B9bD,1.3,1.929224156519533231
0xDA98B64947B57115a8cba2B7B56bD266C87937eE,1.23164102788245487,2.35854261728021443
0xC1f0A14172Eca3d33c6682876A5253996A706ad6,1.177406252268248095,0.846761036936156771
0x0e4cCfbeF268FCA5F10E8213c764Bd53Ed8A32f7,1.162994042969019433,0.742088664473047414
0x9Ce986eAb0495D34AE0fbE67ec705eD712c176f6,1.131070887367349481,1.550113068288636172
0x2B5F20C73d45F0a9D0b9459604Ae1D1c7f10EAb0,1,1.580094875697615423
0x95b05F935655c37ADa2088c5767E5006f230B068,1,0.966327118214104515
0xEa3fe6beD9a8284F8cA37C4C605D0e10702b5281,1,1.276316527143581938
0x9e6374BacD26DddAbaB77ee206eE821258F70f89,0.968234131796570962,0.288881139393311505
0xE08D9cc9b651cB95dE82562a3642AfE7c7CDb902,0.684154363944650177,0.488314483044931967
0x79e47f12FE6382CFb29E8E7dc05c57B5c04cC814,0.534690856289451798,0.471757984256237848
0x7ab827b64bCA65804F98CF4D0D4D990361377124,0.526915381061893541,0.429014082209490132
0x73d52Bf205839bB5B090aD68D8691A2462492bf1,0.25,0.447347285641806188
0x2d437771F6fBeDf3d83633cbD3A31B6C6bdba2b1,0.220030964216682795,0.278237760259957982
0xD0d8C50b2D18f8D3aA712526807875a0071Eb18E,0.219086411658012258,0.054084020001163206
0x12D0f29642Ebf73aB1b636222Fd3eB48eB9b4A03,0.210785523589670754,0.225074584401323506
0xD7EB5c6943E5fbDC4a74627C2CFe8897359Eb37b,0.20932258784763305,0.05666973641007554
0x8931196E6c6c1eC7169F1a0E21740d5569c224CB,0.196788440262565572,0.211797804984560905
0xCc61Aa54478504012615A8C3a27612bC61Beec6d,0.13,0.095406091451040081
0x82d1f493FeB2639318045f2C5dDd4B1d0653aa29,0.1,0.145113324454591577
0x7F3E244E9D8fdA47db77d7a24E21Bfb21894fC38,0.099457271981313521,0.061758076935558738
0xB813573c0448d01caEd0cF0d17a3aADe677f882C,0.058997624220745822,0.040974710399570271
0x94759c0cdD84054a71c4B9746DCdeE90783ACA4f,0.052821150729873541,0.09006247858588138
0x14dbbEB5a9bccDA3Aed04BA62b14a2216EA5bCAb,0.04586210488245205,0.106629781729917647
0xB964884D18a720e9ed9922b64921267aF1a2E678,0.0438050636521,0.071904356237970307
0x415C20Af91ebc1Bd0AABA57a391a07A906969600,0.039999999999999999,0.004069535768645357
0xAf79312EB821871208ac76A80c8E282f8796964e,0.025995364016305624,0.027643708063791954
0x5579718ebA9128F7A9b6316e81C6f867b44754E3,0.025384462580351774,0.018372238223977728
0x7C6Ce15Cdd806AE7742831cDfF49F2B7a8722450,0.020001335802337228,0.002079653096983641
0x9C6D8AeCAFc9155A1202c7B686E4b3f17E6E5835,0.019151818430933267,0.014246543145505841
0x89556295CA61F832471D382c073be1aBaE01eFE2,0.013226425103742715,0.009735125322921033
0x93b5dAeA8E630EE2d3408cf52263cE809Ea8B6fa,0.010012343043349704,0.007426226841829157
0x900F3031C5C1E675B1A3ce2F123838063880b9a5,0.01,0.012686644469812278
0xCb6ad83a90da0887a3560eBc13887532fCde7d23,0.01,0.004630026002029427
0xDC8AdA243da72D114AD27B8D316a092A19D94BfA,0.01,0.007864693049213597
0x606ca168B5afBb0e557C9B549Dc0d706A479DFDC,0.009178044129850716,0.006636491907028369
0x09F9c5C52BFfF179dE4EB37Cb458Beb0909A5e00,0.007097216612524703,0.005535710553436263
0xAD5711e60C85f6DB7E7B922CEf2835ff9A5c4dad,0.006381360866200657,0.004635739763132767
0xb0D6aebEAe1798DA4a753cf40F216ca31d726822,0.005,0.003675391933028919
0xD31Be56F1Af00e799B8F5851040ceEcED93D8C8B,0.005,0.007840269850329781
0x9021190b3566e773fA5FD95A074408d3e666e03D,0.002024427435768583,0.001475624518894259
0xd78ABa81CB2AC2D9AdF0A0b00d3CD69Afa049733,0.000040682083470889,0.000054761296502622
0xD39c89Fa61edb86Cf21Bd3E835D0e63EAD8775BE,0.000035308109355538,0.000022314566127681
